CASE_ID,ACCIDENT_YEAR,PROC_DATE,JURIS,COLLISION_DATE,COLLISION_TIME,OFFICER_ID,REPORTING_DISTRICT,DAY_OF_WEEK,CHP_SHIFT,POPULATION,CNTY_CITY_LOC,SPECIAL_COND,BEAT_TYPE,CHP_BEAT_TYPE,CITY_DIVISION_LAPD,CHP_BEAT_CLASS,BEAT_NUMBER,PRIMARY_RD,SECONDARY_RD,DISTANCE,DIRECTION,INTERSECTION,WEATHER_1,WEATHER_2,STATE_HWY_IND,CALTRANS_COUNTY,CALTRANS_DISTRICT,STATE_ROUTE,ROUTE_SUFFIX,POSTMILE_PREFIX,POSTMILE,LOCATION_TYPE,RAMP_INTERSECTION,SIDE_OF_HWY,TOW_AWAY,COLLISION_SEVERITY,NUMBER_KILLED,NUMBER_INJURED,PARTY_COUNT,PRIMARY_COLL_FACTOR,PCF_CODE_OF_VIOL,PCF_VIOL_CATEGORY,PCF_VIOLATION,PCF_VIOL_SUBSECTION,HIT_AND_RUN,TYPE_OF_COLLISION,MVIW,PED_ACTION,ROAD_SURFACE,ROAD_COND_1,ROAD_COND_2,LIGHTING,CONTROL_DEVICE,CHP_ROAD_TYPE,PEDESTRIAN_ACCIDENT,BICYCLE_ACCIDENT,MOTORCYCLE_ACCIDENT,TRUCK_ACCIDENT,NOT_PRIVATE_PROPERTY,ALCOHOL_INVOLVED,STWD_VEHTYPE_AT_FAULT,CHP_VEHTYPE_AT_FAULT,COUNT_SEVERE_INJ,COUNT_VISIBLE_INJ,COUNT_COMPLAINT_PAIN,COUNT_PED_KILLED,COUNT_PED_INJURED,COUNT_BICYCLIST_KILLED,COUNT_BICYCLIST_INJURED,COUNT_MC_KILLED,COUNT_MC_INJURED,PRIMARY_RAMP,SECONDARY_RAMP,LATITUDE,LONGITUDE,COUNTY,CITY,POINT_X,POINT_Y
9650922,2023,2023/12/29,1956,2023/11/25,1608,1384,8,6,5,5,1956,0,0,0,,0,001,ESPLANADE,AV A,165,N,N,A,-,N,,,,,,,,,,N,3,0,1,2,A,-,08,22107,,N,A,G,A,A,H,-,A,D,0,,Y,,,Y,,L,04,0,1,0,0,0,0,1,0,0,- ,- ,,,LOS ANGELES,REDONDO BEACH,-118.3899536,33.828056335449219
9651513,2023,2024/1/4,1900,2023/10/29,1335,643386,0453,7,5,6,1949,0,0,0,,0,43T1,PIONEER BL,FIRESTONE BL,240,S,N,A,-,N,,,,,,,,,,N,4,0,1,2,A,-,05,21202,A,N,H,G,A,A,H,-,A,A,0,,Y,,,Y,,L,04,0,0,1,0,0,0,1,0,0,- ,- ,,,LOS ANGELES,NORWALK,-118.0818787,33.912033081054688
9651729,2023,2024/2/26,1900,2023/12/11,1535,643228,0625,1,5,6,1985,0,0,0,,0,62T1,LYONS AV,ORCHARD VILLAGE RD,334,E,N,A,-,N,,,,,,,,,,N,3,0,1,2,A,-,09,21804,A,N,H,G,A,A,H,-,A,D,0,,Y,,,Y,,A,07,0,1,0,0,0,0,1,0,0,- ,- ,34.379970550537109,-118.5395889,LOS ANGELES,SANTA CLARITA,-118.5397797,34.379886627197266
9652001,2023,2024/1/31,1900,2023/12/20,1327,647144,1328,3,5,5,1935,0,0,0,,0,132T2,NORWALK BL,207TH ST,0,,Y,C,-,N,,,,,,,,,,N,2,0,1,2,A,-,09,21804,A,N,D,G,A,B,H,-,A,D,0,,Y,,,Y,,M,91,1,0,0,0,0,0,1,0,0,- ,- ,33.842449188232422,-118.0721893,LOS ANGELES,LAKEWOOD,-118.072113,33.842330932617188
9652134,2023,2024/1/30,1900,2023/11/1,1830,642730,1351,3,5,3,1927,0,0,0,,0,135B,CIVIC CENTER DR,PIONEER BL,0,,Y,A,-,N,,,,,,,,,,N,3,0,1,2,D,-,00,,,N,D,G,A,A,H,-,C,D,0,,Y,,,Y,,-,- ,0,1,0,0,0,0,1,0,0,- ,- ,,,LOS ANGELES,HAWAIIAN GARDENS,-118.0818329,33.829433441162109
9652145,2023,2024/1/29,1901,2023/1/25,1312,119,13,3,5,5,1901,0,0,0,,0,002,6TH ST,RAMONA RD,40,N,N,A,-,N,,,,,,,,,,N,4,0,1,2,D,-,00,,,N,B,G,A,A,H,-,A,D,0,,Y,,,Y,,-,- ,0,0,1,0,0,0,1,0,0,- ,- ,34.071250915527344,-118.1288071,LOS ANGELES,ALHAMBRA,-118.1292267,34.071979522705078
9652419,2023,2024/2/15,1910,2023/12/27,1736,04971,,3,5,4,1910,0,0,0,,0,005,NORTH SANTA MONICA BL,BEDFORD DR,0,,Y,A,-,N,,,,,,,,,,N,2,0,1,2,A,-,09,21801,A,N,D,G,A,A,H,-,C,A,0,,Y,,,Y,,A,01,1,0,0,0,0,0,1,0,0,- ,- ,34.069549560546875,-118.4066772,LOS ANGELES,BEVERLY HILLS,-118.4067078,34.069580078125
9652754,2023,2024/2/7,1900,2023/9/14,1930,656409,1335,4,5,5,1908,0,0,0,,0,133T2,ARTESIA BL,CLARK AV,0,,Y,A,-,N,,,,,,,,,,N,3,0,1,2,A,-,05,21650,,N,G,G,A,A,H,-,C,A,0,,Y,,,Y,,L,04,0,1,0,0,0,0,1,0,0,- ,- ,,,LOS ANGELES,BELLFLOWER,-118.1338806,33.874729156494141
9653011,2023,2024/2/12,1976,2023/11/26,1230,420,,7,5,5,1976,0,0,0,,0,001,BEVERLY BL,PICKERING AV,104,W,N,A,-,N,,,,,,,,,,N,4,0,1,2,A,-,00,21760,B,F,H,G,A,A,H,-,A,D,0,,Y,,,Y,,D,22,0,0,1,0,0,0,1,0,0,- ,- ,,,LOS ANGELES,WHITTIER,-118.0423737,33.988151550292969
9653411,2023,2024/2/3,1972,2023/12/14,1540,22166,,4,5,6,1972,0,0,0,,0,,AMIE AV,TORRANCE BL,397,S,N,A,-,N,,,,,,,,,,N,3,0,1,2,A,-,09,21804,A,N,D,C,A,A,H,-,A,D,0,,Y,,,Y,,L,,0,1,0,0,0,0,1,0,0,- ,- ,,,LOS ANGELES,TORRANCE,-118.3488998,33.836624145507812
9653629,2023,2024/2/23,1942,2023/12/17,2045,42720,1842,7,5,7,1942,0,0,0,R,0,25T35W,GRAND AV,112TH ST,49,S,N,A,-,N,,,,,,,,,,N,3,0,1,2,A,-,05,21650,1,F,A,G,A,A,H,-,C,D,0,,Y,,,Y,,L,04,0,1,0,0,0,0,1,0,0,- ,- ,,,LOS ANGELES,LOS ANGELES,-118.281517,33.93280029296875
9653829,2023,2024/2/29,1929,2023/12/1,1724,246,1929,5,5,3,1929,0,0,0,,0,003,LONGFELLOW AV,ARDMORE AV,415,E,N,A,-,N,,,,,,,,,,N,3,0,1,2,A,-,05,21651,C,N,B,G,A,A,H,-,C,A,0,,Y,,,Y,,L,04,0,1,0,0,0,0,1,0,0,- ,- ,,,LOS ANGELES,HERMOSA BEACH,-118.4001694,33.876708984375
9653924,2023,2024/1/9,1942,2023/6/12,1720,40578,2081,1,5,7,1942,0,0,0,,0,27M146,WESTERN AV,WASHINGTON BL,0,,Y,A,-,N,,,,,,,,,,N,3,0,1,2,A,-,00,21760,B,F,C,G,A,A,H,-,A,A,0,,Y,,,Y,Y,-,99,0,1,0,0,0,0,1,0,0,- ,- ,,,LOS ANGELES,LOS ANGELES,-118.3089905,34.0399169921875
9653926,2023,2024/1/5,1900,2023/10/20,1748,636465,0521,5,5,4,1971,0,0,0,,0,52T1PM,EMPEROR AV,OAK AV,372,W,N,A,-,N,,,,,,,,,,N,3,0,1,2,A,-,08,22107,,N,B,G,A,A,H,-,A,D,0,,Y,,,Y,,A,01,0,1,0,0,0,0,1,0,0,- ,- ,34.117919921875,-118.0688934,LOS ANGELES,TEMPLE CITY,-118.0676575,34.118579864501953
9653939,2023,2024/1/8,1942,2023/10/12,1625,37952,0212,4,5,7,1942,0,0,0,B,0,24TL58,VIRGIL AV,CLINTON ST,0,,Y,A,-,N,,,,,,,,,,N,4,0,1,2,A,-,05,21650,1,F,D,G,A,A,H,-,A,D,0,,Y,,,Y,,L,04,0,0,1,0,0,0,1,0,0,- ,- ,,,LOS ANGELES,LOS ANGELES,-118.2868271,34.081775665283203
9653989,2023,2024/1/9,1942,2023/11/17,1213,43070,0357,5,5,7,1942,0,0,0,C,0,25T21,NORMANDIE AV,EXPOSITION BL,0,,Y,A,-,N,,,,,,,,,,N,2,0,2,2,A,-,12,21453,A,N,D,J,A,A,H,-,A,A,0,,Y,,,Y,,L,04,1,1,0,0,0,0,1,0,0,- ,- ,,,LOS ANGELES,LOS ANGELES,-118.300148,34.018199920654297
9654342,2023,2024/1/17,1942,2023/11/10,1220,44035,1494,5,5,7,1942,0,0,0,N,0,27TL25,SEPULVEDA BL,IMPERIAL HWY,2256,N,N,A,-,N,,,,,,,,,,N,2,0,1,2,A,-,08,22101,D,N,B,G,A,A,H,-,A,A,0,,Y,,Y,Y,,L,04,1,0,0,0,0,0,1,0,0,- ,- ,,,LOS ANGELES,LOS ANGELES,-118.3962402,33.933971405029297
9654541,2023,2024/3/1,1900,2023/11/25,1240,643843,0628,6,5,6,1985,0,0,0,,0,062,RAILROAD AV,MARKET ST,0,,Y,A,-,N,,,,,,,,,,Y,1,1,0,2,A,-,12,21453,A,N,D,G,A,A,H,-,A,A,0,,Y,,Y,Y,Y,L,04,0,0,0,0,0,1,0,0,0,- ,- ,34.378978729248047,-118.5270996,LOS ANGELES,SANTA CLARITA,-118.5271225,34.378955841064453
9654664,2023,2024/2/17,1972,2023/12/17,1635,22116,,7,5,6,1972,0,0,0,,0,,FASHION WY,DEL AMO CIR,138,W,N,A,-,N,,,,,,,,,,N,4,0,1,2,A,-,08,22102,,N,H,G,A,A,H,-,A,D,0,,Y,,,Y,,A,01,0,0,1,0,0,0,1,0,0,- ,- ,,,LOS ANGELES,TORRANCE,-118.3474197,33.835186004638672
9654668,2023,2024/2/17,1972,2023/12/12,1750,21600,,2,5,6,1972,0,0,0,,0,,ARLINGTON AV,MARCELINA AV,0,,Y,A,-,N,,,,,,,,,,N,4,0,1,2,A,-,12,22450,,N,H,G,A,A,H,-,C,D,0,,Y,,,Y,,L,04,0,0,1,0,0,0,1,0,0,- ,- ,,,LOS ANGELES,TORRANCE,-118.3179016,33.832042694091797
9654948,2023,2024/2/15,1931,2023/12/10,1236,5349,1931,7,5,5,1931,0,0,0,,0,002,ZOE AV,STATE ST N,0,,Y,A,-,N,,,,,,,,,,N,3,0,1,2,A,-,05,21202,A,N,G,G,A,A,H,-,A,D,0,,Y,,,Y,,L,04,0,1,0,0,0,0,1,0,0,- ,- ,,,LOS ANGELES,HUNTINGTON PARK,-118.212532,33.979393005371094
9655359,2023,2024/2/28,1941,2023/9/4,1623,11121,EAST,1,5,7,1941,0,0,0,,0,011,E ANAHEIM ST,SAINT LOUIS AV,0,,Y,A,-,N,,,,,,,,,,N,4,0,1,2,A,-,09,21801,A,N,D,G,A,A,H,-,A,D,0,,Y,,,Y,,D,22,0,0,1,0,0,0,1,0,0,- ,- ,33.782600402832031,-118.1665726,LOS ANGELES,LONG BEACH,-118.1665878,33.782596588134766
9655545,2023,2024/1/11,1900,2023/9/17,1000,641155,1324,7,5,5,1935,0,0,0,,0,132T1,DEL AMO BL,KNOXVILLE AV,0,,Y,A,-,N,,,,,,,,,,N,3,0,2,3,A,-,08,22107,,N,B,G,A,A,H,-,A,D,0,,Y,,,Y,,A,08,0,2,0,0,0,0,2,0,0,- ,- ,,,LOS ANGELES,LAKEWOOD,-118.1050262,33.847057342529297
9656400,2023,2024/2/29,1942,2023/12/12,1700,39360,1861,2,5,7,1942,0,0,0,R,0,25TBTW,VERMONT AV,IMPERIAL HWY,540,S,N,A,-,N,,,,,,,,,,N,3,0,1,2,A,-,09,21804,A,F,A,G,A,A,H,-,C,A,0,,Y,,,Y,,L,04,0,1,0,0,0,0,1,0,0,- ,- ,,,LOS ANGELES,LOS ANGELES,-118.2919083,33.929500579833984
9656753,2023,2024/2/1,1942,2023/12/7,0845,43153,0719,4,5,7,1942,0,0,0,G,0,27M59,BEVERLY BL,ARDEN BL,0,,Y,A,-,N,,,,,,,,,,N,2,0,1,2,A,-,03,22350,,N,H,G,A,D,G,-,A,A,0,,Y,,Y,Y,,L,04,1,0,0,0,0,0,1,0,0,- ,- ,,,LOS ANGELES,LOS ANGELES,-118.3259811,34.07623291015625
9656821,2023,2024/2/3,1942,2023/12/8,2240,43069,0762,5,5,7,1942,0,0,0,G,0,7A32,FAIRFAX AV,18TH ST,0,,Y,A,-,N,,,,,,,,,,N,3,0,1,2,A,-,03,22350,,F,H,G,A,A,H,-,C,A,0,,Y,,,Y,,-,99,0,1,0,0,0,0,1,0,0,- ,- ,,,LOS ANGELES,LOS ANGELES,-118.3692093,34.043094635009766
9656844,2023,2024/1/30,1942,2023/12/27,2100,41703,1008,3,5,7,1942,0,0,0,J,0,41703,WOODLEY AV,VANOWEN ST,3,N,N,A,-,N,,,,,,,,,,N,3,0,1,2,A,-,09,21801,,F,D,-,A,A,H,-,C,D,0,,Y,,,Y,,A,01,0,1,0,0,0,0,1,0,0,- ,- ,,,LOS ANGELES,LOS ANGELES,-118.4836578,34.193916320800781
9656847,2023,2024/1/29,1942,2023/12/30,1700,38131,1025,6,5,7,1942,0,0,0,J,0,26TL44,RESEDA BL,BASSETT ST,135,S,N,A,-,N,,,,,,,,,,N,2,0,1,2,A,-,00,21760,,N,B,-,A,A,H,-,C,D,0,,Y,,,Y,,A,01,1,0,0,0,0,0,1,0,0,- ,- ,,,LOS ANGELES,LOS ANGELES,-118.5360413,34.195308685302734
9657023,2023,2024/2/12,1942,2023/12/13,1725,39028,0529,3,5,7,1942,0,0,0,E,0,,WATSON AV,ANAHEIM ST,31,,N,A,-,N,,,,,,,,,,N,2,0,1,2,A,-,09,21801,A,F,D,G,A,A,H,-,E,A,0,,Y,,,Y,,-,99,1,0,0,0,0,0,1,0,0,- ,- ,,,LOS ANGELES,LOS ANGELES,-118.2474747,33.780780792236328
9657186,2023,2024/2/5,1900,2023/12/13,1521,643386,0455,3,5,6,1949,0,0,0,,0,45T1,ALONDRA BL,MAIDSTONE AV,0,,Y,A,-,N,,,,,,,,,,N,4,0,1,2,A,-,09,21800,A,N,D,G,A,A,H,-,A,A,0,,Y,,,Y,,A,07,0,0,1,0,0,0,1,0,0,- ,- ,,,LOS ANGELES,NORWALK,-118.0868835,33.887672424316406
9657194,2023,2024/3/15,1942,2023/12/22,2100,42138,1745,5,5,7,1942,0,0,0,Q,0,17A49W,BALBOA BL,NORDHOFF ST,40,S,N,C,-,N,,,,,,,,,,N,4,0,1,2,A,-,- ,,,F,D,G,A,B,H,-,C,D,0,,Y,,,Y,,-,99,0,0,1,0,0,0,1,0,0,- ,- ,,,LOS ANGELES,LOS ANGELES,-118.5025177,34.235649108886719
9657231,2023,2024/2/13,1941,2023/9/17,0030,11829,SOUTH,7,5,7,1941,0,0,0,,0,006,EAST 6TH ST,LONG BEACH BL,0,,Y,A,-,N,,,,,,,,,,N,3,0,1,2,A,-,17,21657,,F,H,C,A,A,H,-,C,A,0,,Y,,,Y,Y,A,01,0,1,0,0,0,0,1,0,0,- ,- ,33.774139404296875,-118.1893921,LOS ANGELES,LONG BEACH,-118.1894913,33.774147033691406
9657462,2023,2024/2/6,1931,2023/12/24,1224,5350,1931,7,5,5,1931,0,0,0,,0,004,SATURN AV,BENSON ST,13,N,N,A,-,N,,,,,,,,,,N,3,0,1,2,A,-,05,21650,,N,D,G,A,A,H,-,A,A,0,,Y,,,Y,,L,04,0,1,0,0,0,0,1,0,0,- ,- ,,,LOS ANGELES,HUNTINGTON PARK,-118.2114334,33.976325988769531
9657742,2023,2024/2/8,1900,2023/12/19,1405,640990,0241,2,5,3,1914,0,0,0,,0,27T,TELEGRAPH RD,ATLANTIC BL,25,W,N,B,-,N,,,,,,,,,,N,2,0,1,2,A,-,11,21456,A,N,H,G,A,A,H,-,A,A,0,,Y,,,Y,,L,04,1,0,0,0,0,0,1,0,0,- ,- ,,,LOS ANGELES,COMMERCE,-118.1588821,34.01074219
9658364,2023,2024/2/13,1900,2023/12/1,1620,644925,2115,5,5,5,1943,0,0,0,,0,212T3,DUNCAN AV,IMPERIAL HWY,58,S,N,A,-,N,,,,,,,,,,N,3,0,1,2,A,-,05,21650,,N,D,G,A,A,H,-,A,D,0,,Y,,,Y,,L,04,0,1,0,0,0,0,1,0,0,- ,- ,,,LOS ANGELES,LYNWOOD,-118.1808548,33.930789947509766
9659409,2023,2024/3/15,1900,2023/12/3,1910,646909,1368,7,5,5,1952,0,0,0,,0,136D,JEFFERSON ST,PARAMOUNT BL,90,W,N,A,-,N,,,,,,,,,,N,3,0,1,2,A,-,08,22107,,F,G,G,A,A,H,-,C,D,0,,Y,,,Y,,-,99,0,1,0,0,0,0,1,0,0,- ,- ,,,LOS ANGELES,PARAMOUNT,-118.1604538,33.892948150634766
9660312,2023,2024/2/27,1976,2023/12/19,1850,854,,2,5,3,1964,0,0,0,,0,,PIONEER BL,ALBURTIS AV,6,S,N,B,-,N,,,,,,,,,,N,4,0,1,2,A,-,12,22450,A,N,H,G,A,B,H,-,C,A,0,,Y,,,Y,,A,01,0,0,1,0,0,0,1,0,0,- ,- ,,,LOS ANGELES,SANTA FE SPRINGS,-118.0820923,33.950313568115234
9660527,2023,2024/2/27,1900,2023/12/15,1800,654793,1351,5,5,3,1927,0,0,0,,0,135B,CARSON ST,BLOOMFIELD AV,0,,Y,A,-,N,,,,,,,,,,Y,3,0,1,2,A,-,12,21453,A,N,A,G,A,A,H,-,C,A,0,,Y,,,Y,,L,04,0,1,0,0,0,0,1,0,0,- ,- ,,,LOS ANGELES,HAWAIIAN GARDENS,-118.0634384,33.831558227539062
9660823,2023,2024/1/19,1900,2023/11/17,2155,621330,1515,5,5,5,1954,0,0,0,,0,151D,BEQUETTE AV,WASHINGTON BL,184,N,N,A,-,N,,,,,,,,,,N,2,0,1,2,A,-,08,22107,,N,A,G,A,A,H,-,C,D,0,,Y,,,Y,,-,,1,0,0,0,0,0,1,0,0,- ,- ,33.982601165771484,-118.0947037,LOS ANGELES,PICO RIVERA,-118.0948334,33.982559204101562
9660945,2023,2024/2/7,1942,2023/12/24,1915,45362,1794,7,5,7,1942,0,0,0,Q,0,17A67,SCHOENBORN ST,GARDEN GROVE AV,0,,Y,A,-,N,,,,,,,,,,N,3,0,1,2,A,-,08,22107,,F,B,-,A,A,H,-,D,D,0,,Y,,,Y,,-,99,0,1,0,0,0,0,1,0,0,- ,- ,,,LOS ANGELES,LOS ANGELES,-118.5296021,34.221878051757812
9661132,2023,2024/8/30,1900,2023/10/17,1715,659156,02662,2,5,4,1917,0,0,0,,0,026,ELIZABETH ST,WILCOX AV,415,W,N,A,-,N,,,,,,,,,,N,2,0,1,2,A,-,09,21804,A,F,A,G,A,A,H,-,A,D,0,,Y,,,Y,,A,01,1,0,0,0,0,0,1,0,0,- ,- ,33.962589263916016,-118.1802826,LOS ANGELES,CUDAHY,-118.1802979,33.962577819824219
9661641,2023,2024/2/1,1938,2023/12/17,1928,1395,,7,5,4,1938,0,0,0,,0,003,FOOTHILL BL,TOWNE CENTER DR,208,W,N,A,-,Y,LA,7,66,-,-,1.89,H,-,W,Y,2,0,1,2,A,-,17,21208,A,N,D,G,A,A,H,-,C,D,0,,Y,,,Y,,L,04,1,0,0,0,0,0,1,0,0,- ,- ,,,LOS ANGELES,LA VERNE,-117.7590637,34.111408233642578
9661913,2023,2024/1/31,1900,2023/12/6,1405,634145,0562,3,5,3,1968,0,0,0,,0,55T1P,DURFEE AV,THIENES AV,390,N,N,A,-,N,,,,,,,,,,N,3,0,1,2,A,-,05,21650,,N,D,G,A,A,H,-,A,D,0,,Y,,,Y,,L,04,0,1,0,0,0,0,1,0,0,- ,- ,34.043899536132812,-118.0317993,LOS ANGELES,SOUTH EL MONTE,-118.032074,34.043937683105469
9662267,2023,2024/2/6,1953,2023/11/17,1738,0790,,5,5,6,1953,0,0,0,,0,005,MENTOR AV,DEL MAR BL,286,,N,A,-,N,,,,,,,,,,N,4,0,1,2,A,-,12,21453,A,N,C,G,A,-,A,H,C,D,0,,Y,,,Y,,L,04,0,0,1,0,0,0,1,0,0,- ,- ,,,LOS ANGELES,PASADENA,-118.130806,34.140933990478516
9662348,2023,2024/2/9,1913,2023/12/6,1251,4414,29,3,5,4,1913,0,0,0,,0,002,HARVARD AV,7TH ST,0,,Y,A,-,N,,,,,,,,,,N,3,0,1,1,A,-,03,22350,,N,H,I,A,A,H,-,A,D,0,,Y,,,Y,,L,04,0,1,0,0,0,0,1,0,0,- ,- ,,,LOS ANGELES,CLAREMONT,-117.7166672,34.100620269775391
9662358,2023,2024/2/12,1942,2023/12/3,1440,34265,1781,7,5,7,1942,0,0,0,Q,0,26TL46,PARTHENIA ST,LURLINE AV,150,W,N,A,-,N,,,,,,,,,,N,2,0,1,2,A,-,08,22100,B,N,D,G,A,A,H,-,A,A,0,,Y,,,Y,,L,04,1,0,0,0,0,0,1,0,0,- ,- ,,,LOS ANGELES,LOS ANGELES,-118.5846939,34.228195190429688
9662781,2023,2024/2/10,1900,2023/11/16,1930,637335,0975,4,5,4,1979,0,0,0,,0,93T2,SANTA MONICA BL,CRESCENT HEIGHTS BL,10,E,N,A,-,N,,,,,,,,,,N,4,0,1,2,A,-,08,22107,,N,A,G,A,A,H,-,C,A,0,,Y,,,Y,Y,L,04,0,0,1,0,0,0,1,0,0,- ,- ,34.090831756591797,-118.3657074,LOS ANGELES,WEST HOLLYWOOD,-118.3659058,34.090789794921875
9662855,2023,2024/2/23,1941,2023/3/31,2045,11825,NORTH,5,5,7,1941,0,0,0,,0,024,CHERRY AV,CURRY ST,0,,-,A,-,N,,,,,,,,,,,3,0,1,2,A,-,09,21802,A,F,H,G,A,A,H,-,C,D,0,,Y,,,Y,,-,99,0,1,0,0,0,0,1,0,0,- ,- ,33.866489410400391,-118.1686401,LOS ANGELES,LONG BEACH,-118.1686096,33.866458892822266
9666287,2023,2024/7/24,1946,2023/12/5,0930,P18,1946,2,5,4,1946,0,0,0,,0,003,IVY AV,COLORADO,5,S,N,A,-,N,,,,,,,,,,N,3,0,1,2,A,-,17,22517,,N,H,G,A,A,H,-,A,A,0,,Y,,,Y,Y,A,01,0,1,0,0,0,0,1,0,0,- ,- ,,,LOS ANGELES,MONROVIA,-117.9987488,34.145904541015625
9666837,2023,2024/2/15,1976,2023/12/18,1009,210,,1,5,3,1964,0,0,0,,0,003,ROSECRANS AV,CARMENITA RD,430,W,N,A,-,N,,,,,,,,,,N,4,0,1,2,A,-,09,21804,A,N,H,G,A,A,H,-,A,D,0,,Y,,,Y,,L,04,0,0,1,0,0,0,1,0,0,- ,- ,,,LOS ANGELES,SANTA FE SPRINGS,-118.0480652,33.902469635009766
9667225,2023,2024/2/17,1976,2023/12/13,1001,207,,3,5,5,1976,0,0,0,,0,,MAR VISTA ST,MILTON AV,0,,Y,A,-,N,,,,,,,,,,N,3,0,1,2,A,-,12,22450,A,N,H,G,A,A,H,-,A,A,0,,Y,,,Y,,L,04,0,1,0,0,0,0,1,0,0,- ,- ,,,LOS ANGELES,WHITTIER,-118.0397263,33.973678588867188
9667227,2023,2024/2/17,1976,2023/12/15,1326,228,,5,5,5,1976,0,0,0,,0,002,WASHINGTON AV,RIVERA RD,155,E,N,A,-,N,,,,,,,,,,N,2,0,1,1,A,-,08,22107,,N,H,G,A,A,H,-,A,D,0,,Y,,,Y,,L,04,1,0,0,0,0,0,1,0,0,- ,- ,,,LOS ANGELES,WHITTIER,-118.0521088,33.967582702636719
9667234,2023,2024/2/17,1900,2023/12/12,1630,499039,1512,2,5,5,1954,0,0,0,,0,151T2,WHITTIER BL,PASSONS BL,0,,Y,A,-,N,,,,,,,,,,N,3,0,1,2,A,-,08,22107,,N,H,G,A,A,H,-,B,A,0,,Y,,,Y,,L,04,0,1,0,0,0,0,1,0,0,- ,- ,33.5955810546875,-118.0439606,LOS ANGELES,PICO RIVERA,-118.0778885,33.998641967773438
9667386,2023,2024/3/22,1900,2023/7/14,0430,673016,2841,5,5,5,1915,0,0,0,,0,285E,GREENLEAF BL,ALAMEDA ST EAST,0,,Y,A,-,N,,,,,,,,,,N,3,0,1,2,A,-,09,21453,B,N,D,-,A,A,H,-,C,A,0,,Y,,,Y,,D,22,0,1,0,0,0,0,1,0,0,- ,- ,33.881351470947266,-118.2176971,LOS ANGELES,COMPTON,-118.2181015,33.881229400634766
9667409,2023,2024/3/6,1918,2023/11/15,2010,1086,,3,5,4,1918,0,0,0,,0,,WASHINGTON PL,GLOBE AV,0,,Y,A,-,N,,,,,,,,,,,3,0,1,2,A,-,03,22350,,M,D,-,A,A,H,-,C,A,0,,Y,,,Y,,L,04,0,1,0,0,0,0,1,0,0,- ,- ,34.007740020751953,-118.4155579,LOS ANGELES,CULVER CITY,-118.4155884,34.007823944091797
9667779,2023,2024/3/5,1918,2023/12/1,1543,1250,1,5,5,4,1918,0,0,0,,0,4A5D,LUCERNE AV,VAN BUREN PL,0,,Y,A,-,N,,,,,,,,,,N,4,0,1,2,A,-,12,22450,A,N,D,G,A,A,H,-,B,D,0,,Y,,,Y,,L,04,0,0,1,0,0,0,1,0,0,- ,- ,34.020179748535156,-118.3880386,LOS ANGELES,CULVER CITY,-118.3881989,34.020359039306641
9671120,2023,2024/3/12,1942,2023/5/30,1735,40275,1322,2,5,7,1942,0,0,0,M,0,24TL55,SAN PEDRO ST,24TH ST,0,,Y,B,-,N,,,,,,,,,,N,4,0,1,2,A,-,03,22350,,F,D,G,A,A,H,-,A,D,0,,Y,,,Y,,A,01,0,0,1,0,0,0,1,0,0,- ,- ,,,LOS ANGELES,LOS ANGELES,-118.260231,34.023277282714844
9671637,2023,2024/3/21,1900,2023/10/11,1430,540340,0332,3,5,4,1939,0,0,0,,0,35T1,HAWTHORNE BL,154TH ST,0,,Y,A,-,N,,,,,,,,,,N,3,0,1,2,A,-,09,21453,B,N,H,G,A,A,H,-,C,A,0,,Y,,,Y,,D,22,0,1,0,0,0,0,1,0,0,- ,- ,33.890968322753906,-118.3528519,LOS ANGELES,LAWNDALE,-118.3527374,33.891010284423828
9672551,2023,2024/3/12,1941,2023/12/7,1145,11525,SOUTH,4,5,7,1941,0,0,0,,0,006,W 8TH ST,8TH ST 328,0,,N,A,-,N,,,,,,,,,,N,4,0,1,2,A,-,21,22106,,N,C,G,A,A,H,-,A,D,0,,Y,,,Y,,A,01,0,0,1,0,0,0,1,0,0,- ,- ,33.776359558105469,-118.1958084,LOS ANGELES,LONG BEACH,-118.1923676,33.776576995849609
9673481,2023,2024/3/12,1942,2023/12/13,1500,38171,0261,3,5,7,1942,0,0,0,B,0,24TL53,JAMES M WOOD BL,GRAND VIEW ST,0,,Y,A,-,N,,,,,,,,,,N,3,0,1,2,A,-,03,22350,,F,C,G,A,A,H,-,A,D,0,,Y,,,Y,,L,04,0,1,0,0,0,0,1,0,0,- ,- ,,,LOS ANGELES,LOS ANGELES,-118.2809525,34.054344177246094
9673489,2023,2024/7/8,1942,2023/12/19,1930,41979,LOSAN,2,5,7,1942,0,0,0,,0,0152,LEBANON,7TH ST,0,,Y,C,-,N,,,,,,,,,,Y,3,0,3,2,D,-,00,,,N,D,G,A,A,-,-,B,-,0,,Y,,,Y,,-,- ,0,2,1,0,0,0,1,0,0,- ,- ,,,LOS ANGELES,LOS ANGELES,-118.2592468,34.049007415771484
9673575,2023,2024/3/20,1942,2023/12/11,1205,45187,0142,1,5,7,1942,0,0,0,A,0,1A41W2,FLOWER ST,5TH ST,0,,Y,A,-,N,,,,,,,,,,N,3,0,1,2,A,-,12,21453,A,N,B,G,A,A,H,-,A,A,0,,Y,,,Y,,L,04,0,1,0,0,0,0,1,0,0,- ,- ,,,LOS ANGELES,LOS ANGELES,-118.2561111,34.051624298095703