CASE_ID,ACCIDENT_YEAR,PROC_DATE,JURIS,COLLISION_DATE,COLLISION_TIME,OFFICER_ID,REPORTING_DISTRICT,DAY_OF_WEEK,CHP_SHIFT,POPULATION,CNTY_CITY_LOC,SPECIAL_COND,BEAT_TYPE,CHP_BEAT_TYPE,CITY_DIVISION_LAPD,CHP_BEAT_CLASS,BEAT_NUMBER,PRIMARY_RD,SECONDARY_RD,DISTANCE,DIRECTION,INTERSECTION,WEATHER_1,WEATHER_2,STATE_HWY_IND,CALTRANS_COUNTY,CALTRANS_DISTRICT,STATE_ROUTE,ROUTE_SUFFIX,POSTMILE_PREFIX,POSTMILE,LOCATION_TYPE,RAMP_INTERSECTION,SIDE_OF_HWY,TOW_AWAY,COLLISION_SEVERITY,NUMBER_KILLED,NUMBER_INJURED,PARTY_COUNT,PRIMARY_COLL_FACTOR,PCF_CODE_OF_VIOL,PCF_VIOL_CATEGORY,PCF_VIOLATION,PCF_VIOL_SUBSECTION,HIT_AND_RUN,TYPE_OF_COLLISION,MVIW,PED_ACTION,ROAD_SURFACE,ROAD_COND_1,ROAD_COND_2,LIGHTING,CONTROL_DEVICE,CHP_ROAD_TYPE,PEDESTRIAN_ACCIDENT,BICYCLE_ACCIDENT,MOTORCYCLE_ACCIDENT,TRUCK_ACCIDENT,NOT_PRIVATE_PROPERTY,ALCOHOL_INVOLVED,STWD_VEHTYPE_AT_FAULT,CHP_VEHTYPE_AT_FAULT,COUNT_SEVERE_INJ,COUNT_VISIBLE_INJ,COUNT_COMPLAINT_PAIN,COUNT_PED_KILLED,COUNT_PED_INJURED,COUNT_BICYCLIST_KILLED,COUNT_BICYCLIST_INJURED,COUNT_MC_KILLED,COUNT_MC_INJURED,PRIMARY_RAMP,SECONDARY_RAMP,LATITUDE,LONGITUDE,COUNTY,CITY,POINT_X,POINT_Y
9626822,2023,2023/10/20,1970,2023/8/16,1644,195,SPB2,3,5,4,1970,0,0,0,,0,002,MONTEREY AV,BRENT AV,0,,Y,A,-,N,,,,,,,,,,N,3,0,1,2,A,-,05,21650,,N,H,G,A,A,H,-,A,A,0,,Y,,,Y,,L,04,0,1,0,0,0,0,1,0,0,- ,- ,,,LOS ANGELES,SOUTH PASADENA,-118.1490173,34.112224578857422
9627153,2023,2023/12/15,1942,2023/8/15,2000,41933,0373,2,5,7,1942,0,0,0,C,0,25T33W,CRENSHAW BL,COLISEUM ST,0,,Y,A,-,N,,,,,,,,,,N,2,0,1,2,A,-,12,21453,A,F,D,G,A,A,H,-,C,A,0,,Y,,,Y,,-,99,1,0,0,0,0,0,1,0,0,- ,- ,,,LOS ANGELES,LOS ANGELES,-118.3353271,34.018199920654297
9627223,2023,2023/10/18,1926,2023/9/12,1154,0184,,2,5,5,1926,0,0,0,,0,001,W ORANGEPATH ST,S BRIGHTVIEW DR,0,,Y,A,-,N,,,,,,,,,,N,3,0,1,2,A,-,09,21801,A,N,D,G,A,A,H,-,A,D,0,,Y,,,Y,,A,01,0,1,0,0,0,0,1,0,0,- ,- ,34.129928588867188,-117.8741531,LOS ANGELES,GLENDORA,-117.8741531,34.129898071289062
9627446,2023,2023/10/9,1907,2023/7/14,1800,254,1,5,5,4,1907,0,0,0,,0,,BELL AV,BEAR ST,7,E,N,A,-,N,,,,,,,,,,N,4,0,1,2,-,-,- ,,,N,H,G,A,A,H,-,A,D,0,,Y,,,Y,,-,- ,0,0,1,0,0,0,1,0,0,- ,- ,33.975570678710938,-118.1983109,LOS ANGELES,BELL,-118.1983337,33.975566864013672
9627658,2023,2023/10/9,1941,2023/1/3,1830,10120,,2,5,7,1941,0,0,0,,0,,ANAHEIM ST,OREGON AV,0,,Y,C,-,N,,,,,,,,,,N,3,0,1,2,D,-,00,,,N,D,G,A,B,H,-,C,A,0,,Y,,,Y,,-,- ,0,1,0,0,0,0,1,0,0,- ,- ,,,LOS ANGELES,LONG BEACH,-118.2009811,33.782814025878906
9628022,2023,2023/10/18,1900,2023/9/11,0735,476477,0641,1,5,6,1985,0,0,0,,0,61T1O,MCBEAN PKWY,DECORO DR,0,,Y,A,-,N,,,,,,,,,,N,3,0,1,2,A,-,12,21453,A,N,D,G,A,A,H,-,A,A,0,,Y,,,Y,,L,04,0,1,0,0,0,0,1,0,0,- ,- ,34.444099426269531,-118.5535965,LOS ANGELES,SANTA CLARITA,-118.5535202,34.444240570068359
9628946,2023,2023/10/20,1942,2023/7/14,0950,44762,0559,5,5,7,1942,0,0,0,E,0,5A59,MINER ST,22ND ST,0,,Y,A,-,N,,,,,,,,,,N,4,0,1,2,A,-,05,21650,1,F,A,G,A,A,H,-,A,A,0,,Y,,,Y,,-,,0,0,1,0,0,0,1,0,0,- ,- ,33.717231750488281,-118.2734604,LOS ANGELES,LOS ANGELES,-118.2782898,33.726158142089844
9629720,2023,2023/11/1,1906,2023/10/4,0546,4433,,3,5,5,1906,0,0,0,,0,003,RAMONA BL,BALDWIN PARK BL,0,,Y,A,-,N,,,,,,,,,,N,4,0,1,2,A,-,10,21950,,N,-,G,A,A,H,-,C,A,0,,Y,,,Y,,A,01,0,0,1,0,0,0,1,0,0,- ,- ,,,LOS ANGELES,BALDWIN PARK,-117.9648819,34.085483551025391
9630189,2023,2023/11/16,1942,2023/9/15,2140,42420,0299,5,5,7,1942,0,0,0,B,0,2A91,VALENCIA ST,PICO BL,35,S,N,A,-,N,,,,,,,,,,N,2,0,1,2,A,-,03,22350,,F,D,G,A,A,H,-,C,D,0,,Y,,,Y,,-,99,1,0,0,0,0,0,1,0,0,- ,- ,,,LOS ANGELES,LOS ANGELES,-118.2752838,34.043910980224609
9630193,2023,2023/11/3,1942,2023/9/30,1630,35298,1354,6,5,7,1942,0,0,0,M,0,24MX19,VERNON AV,WALL ST,0,,Y,A,-,N,,,,,,,,,,N,3,0,1,2,A,-,12,21453,A,F,D,G,A,A,H,-,A,A,0,,Y,,,Y,Y,-,99,0,1,0,0,0,0,1,0,0,- ,- ,,,LOS ANGELES,LOS ANGELES,-118.271759,34.003837585449219
9630268,2023,2023/10/31,1941,2023/1/12,1730,10542,NORTH,4,5,7,1941,0,0,0,,0,022,LOCUST AV,SOUTH ST,0,,Y,A,-,N,,,,,,,,,,N,4,0,1,2,D,-,00,,,N,D,G,A,A,H,-,C,D,0,,Y,,,Y,,-,- ,0,0,1,0,0,0,1,0,0,- ,- ,33.860038757324219,-118.1898727,LOS ANGELES,LONG BEACH,-118.1898804,33.860061645507812
9630645,2023,2023/11/28,1931,2023/10/9,1510,5345,1931,1,5,5,1931,0,0,0,,0,004,CEDAR ST,FLORENCE AV,5,N,N,A,-,N,,,,,,,,,,N,4,0,1,2,A,-,17,21663,,F,D,G,A,A,H,-,A,A,0,,Y,,,Y,,A,07,0,0,1,0,0,0,1,0,0,- ,- ,,,LOS ANGELES,HUNTINGTON PARK,-118.2134171,33.972984313964844
9631767,2023,2023/11/8,1942,2023/9/25,2100,42664,1414,1,5,7,1942,0,0,0,N,0,27TL35,LINCOLN BL,CALIFORNIA AV,0,,Y,A,-,N,,,,,,,,,,N,3,0,1,2,A,-,03,22350,,F,D,G,A,A,H,-,C,A,0,,Y,,,Y,,-,99,0,1,0,0,0,0,1,0,0,- ,- ,,,LOS ANGELES,LOS ANGELES,-118.4610519,33.998050689697266
9631857,2023,2023/11/30,1942,2023/10/2,1130,41516,1464,1,5,7,1942,0,0,0,N,0,27TL44,JEFFERSON BL,WESTLAWN AV,10,W,N,A,-,N,,,,,,,,,,N,2,0,1,2,A,-,12,21453,A,N,D,G,A,A,H,-,A,A,0,,Y,,,Y,,-,- ,1,0,0,0,0,0,1,0,0,- ,- ,,,LOS ANGELES,LOS ANGELES,-118.4139175,33.979278564453125
9631961,2023,2023/11/20,1931,2023/10/6,1600,5350,1931,5,5,5,1931,0,0,0,,0,003,FLORENCE AV,SANTA FE AVE,2,E,N,A,-,N,,,,,,,,,,,4,0,1,2,D,-,00,,,F,D,-,A,A,H,-,A,A,0,,Y,,,Y,,-,- ,0,0,1,0,0,0,1,0,0,- ,- ,,,LOS ANGELES,HUNTINGTON PARK,-118.2302856,33.974727630615234
9632066,2023,2023/11/27,1972,2023/10/15,1312,22116,,7,5,6,1972,0,0,0,,0,,TORRANCE BL,SARTORI AV,0,,Y,A,-,N,,,,,,,,,,N,4,0,1,2,A,-,05,21650,1,N,D,G,A,A,H,-,A,A,0,,Y,,,Y,,L,,0,0,1,0,0,0,1,0,0,- ,- ,,,LOS ANGELES,TORRANCE,-118.31707,33.836311340332031
9632287,2023,2023/11/7,1900,2023/9/11,1703,648143,2607,1,5,6,1950,0,0,0,,0,263T1,AVENUE S,47TH ST EAST,383,E,N,A,-,N,,,,,,,,,,N,3,0,1,2,A,-,05,21202,A,N,D,G,A,A,H,-,B,A,0,,Y,,,Y,,L,04,0,1,0,0,0,0,1,0,0,- ,- ,34.557880401611328,-118.0438538,LOS ANGELES,PALMDALE,-118.0439911,34.558010101318359
9632291,2023,2023/11/7,1900,2023/10/23,2127,647476,0454,1,5,6,1949,0,0,0,,0,43K1EM,FIRESTONE BL,PADDISON AV,529,W,N,A,-,N,,,,,,,,,,N,2,0,1,2,A,-,08,22107,,N,D,G,A,A,H,-,C,D,0,,Y,,,Y,,L,04,1,0,0,0,0,0,1,0,0,- ,- ,,,LOS ANGELES,NORWALK,-118.0802689,33.911830902099609
9632573,2023,2023/11/9,1931,2023/10/24,1718,5735,1931,2,5,5,1931,0,0,0,,0,003,MALABAR ST,FLORENCE AV,7,N,N,A,-,N,,,,,,,,,,N,4,0,1,2,A,-,12,22450,A,N,D,G,A,A,H,-,A,A,0,,Y,,,Y,,A,01,0,0,1,0,0,0,1,0,0,- ,- ,,,LOS ANGELES,HUNTINGTON PARK,-118.2277603,33.9744873046875
9632735,2023,2023/12/4,1942,2023/10/6,0050,45128,1435,5,5,7,1942,0,0,0,N,0,14A67,VENICE BL,SAWTELLE AV,10,N,N,A,-,N,,,,,,,,,,N,3,0,1,2,A,-,08,22107,,F,D,G,A,A,H,-,C,A,0,,Y,,,Y,,-,99,0,1,0,0,0,0,1,0,0,- ,- ,,,LOS ANGELES,LOS ANGELES,-118.4197845,34.011524200439453
9632923,2023,2023/11/21,1941,2023/7/30,1256,11825,SOUTH,7,5,7,1941,0,0,0,,0,008,EAST 4TH ST,ALAMITOS AV,0,,Y,A,-,N,,,,,,,,,,N,2,0,1,2,A,-,07,21658,A,N,A,G,A,A,H,-,A,A,0,,Y,,,Y,,A,01,1,0,0,0,0,0,1,0,0,- ,- ,33.771720886230469,-118.1812973,LOS ANGELES,LONG BEACH,-118.181282,33.771751403808594
9632945,2023,2023/11/17,1941,2023/6/19,1729,11523,EAST,1,5,7,1941,0,0,0,,0,010,VISTA ST,PARK AV,0,,Y,A,-,N,,,,,,,,,,Y,4,0,1,2,D,-,00,,,N,D,G,A,A,H,-,A,D,0,,Y,,,Y,,-,- ,0,0,1,0,0,0,1,0,0,- ,- ,33.766258239746094,-118.1372223,LOS ANGELES,LONG BEACH,-118.1372223,33.766273498535156
9632989,2023,2023/11/13,1900,2023/9/13,2323,637335,0972,3,5,4,1979,0,0,0,,0,93T4,MELROSE AV,ROBERTSON BL,0,,Y,A,-,N,,,,,,,,,,N,3,0,1,2,A,-,12,21453,A,N,E,G,A,A,H,-,C,A,0,,Y,,,Y,,A,07,0,1,0,0,0,0,1,0,0,- ,- ,34.080799102783203,-118.3854828,LOS ANGELES,WEST HOLLYWOOD,-118.3854675,34.080814361572266
9633360,2023,2023/11/28,1942,2023/10/21,1005,37852,0412,6,5,7,1942,0,0,0,D,0,4A97,AV 26,ARTESIAN ST,0,,Y,A,-,N,,,,,,,,,,N,3,0,1,2,A,-,09,21801,A,N,B,G,A,A,-,-,A,D,0,,Y,,,Y,,D,22,0,1,0,0,0,0,1,0,0,- ,- ,,,LOS ANGELES,LOS ANGELES,-118.2191696,34.080562591552734
9633606,2023,2023/11/8,1900,2023/7/21,2005,639905,0250,5,5,4,1945,0,0,0,,0,28T,SLAVSON AV,PINE ST,0,,Y,A,-,N,,,,,,,,,,N,3,0,1,2,A,-,12,22450,A,N,H,G,A,A,H,-,A,A,0,,Y,,,Y,,L,04,0,1,0,0,0,0,1,0,0,- ,- ,,,LOS ANGELES,MAYWOOD,-118.1878128,33.98736572265625
9633930,2023,2024/1/13,1942,2023/11/15,1530,38264,0236,3,5,7,1942,0,0,0,B,0,31FB20,S ALVARADO ST,MIRAMAR ST,115,N,N,A,-,N,,,,,,,,,,N,3,0,1,3,A,-,00,21760,B,N,B,G,A,A,H,-,A,C,0,,Y,,,Y,,I,20,0,1,0,0,0,0,1,0,0,- ,- ,,,LOS ANGELES,LOS ANGELES,-118.2719116,34.064193725585938
9634414,2023,2023/12/27,1900,2023/11/9,1805,451343,2321,4,5,5,1919,0,0,0,,0,230T,GRIDLEY RD,SOUTH ST,317,N,N,A,-,N,,,,,,,,,,N,3,0,1,2,A,-,09,21801,A,N,D,G,A,A,H,-,C,A,0,,Y,,,Y,,A,01,0,1,0,0,0,0,1,0,0,- ,- ,33.513401031494141,-118.0527496,LOS ANGELES,CERRITOS,-118.0909653,33.859367370605469
9634972,2023,2024/1/26,1928,2023/11/20,1540,50400,522,1,5,5,1928,0,0,0,,0,503,PRAIRIE AV,MARINE AV,0,,Y,A,-,N,,,,,,,,,,,4,0,1,2,A,-,05,21650,1,N,D,G,A,A,H,-,A,A,0,,Y,,,Y,,L,04,0,0,1,0,0,0,1,0,0,- ,- ,33.894630432128906,-118.3438568,LOS ANGELES,HAWTHORNE,-118.3438416,33.894649505615234
9635136,2023,2024/1/23,1900,2023/11/1,1745,653405,0560,3,5,3,1968,0,0,0,,0,55T1PM,ROSEMEAD BL,GARVEY AV,0,,Y,A,-,N,,,,,,,,,,N,3,0,1,2,A,-,05,21650,1,N,D,G,A,A,H,-,A,A,0,,Y,,,Y,,L,04,0,1,0,0,0,0,1,0,0,- ,- ,34.062610626220703,-118.0652008,LOS ANGELES,SOUTH EL MONTE,-118.0654144,34.062721252441406
9635503,2023,2023/12/13,1920,2023/9/17,0945,13965,1920,7,5,6,1920,0,0,0,,0,006,FIRESTONE BL,PATTON RD,530,E,N,A,-,N,,,,,,,,,,N,4,0,1,2,A,-,09,21804,,N,D,G,A,A,H,-,A,A,0,,Y,,,Y,,A,07,0,0,1,0,0,0,1,0,0,- ,- ,,,LOS ANGELES,DOWNEY,-118.1262283,33.936603546142578
9635759,2023,2023/12/30,1946,2023/10/31,1710,P17,1946,2,5,4,1946,0,0,0,,0,001,FOOTHILL,ALTA VISTA,0,,Y,A,-,N,,,,,,,,,,Y,2,0,1,2,A,-,09,21802,A,N,D,G,A,A,H,-,A,A,0,,Y,,,Y,,L,04,1,0,0,0,0,0,1,0,0,- ,- ,,,LOS ANGELES,MONROVIA,-118.0076218,34.151275634765625
9636901,2023,2024/1/24,1942,2023/2/22,1150,41671,2088,3,5,7,1942,0,0,0,,0,27TL42,VERMONT AV,WASHINGTON BL,360,N,N,B,-,N,,,,,,,,,,N,3,0,1,2,A,-,09,21801,A,F,H,G,A,A,H,-,A,D,0,,Y,,,Y,,-,99,0,1,0,0,0,0,1,0,0,- ,- ,,,LOS ANGELES,LOS ANGELES,-118.2915726,34.040996551513672
9637226,2023,2023/12/22,1920,2023/9/26,1414,14050,1920,2,5,6,1920,0,0,0,,0,006,BROOKSHIRE AV,FONTANA ST,0,,Y,A,-,N,,,,,,,,,,N,3,0,1,2,A,-,05,21650,1,N,D,G,A,A,H,-,A,D,0,,Y,,,Y,,L,04,0,1,0,0,0,0,1,0,0,- ,- ,,,LOS ANGELES,DOWNEY,-118.1349564,33.931205749511719
9637437,2023,2024/2/13,1972,2023/10/22,1452,18107,,7,5,6,1972,0,0,0,,0,,HAWTHORNE,242ND ST,0,,Y,A,-,N,,,,,,,,,,N,3,0,1,2,A,-,09,21802,A,N,D,G,A,A,H,-,A,D,0,,Y,,,Y,,L,,0,1,0,0,0,0,1,0,0,- ,- ,,,LOS ANGELES,TORRANCE,-118.3512039,33.804180145263672
9637814,2023,2023/11/14,1942,2023/10/4,0720,34561,1977,3,5,7,1942,0,0,0,,0,26TL24,WOODMAN AV,BRANFORD ST,230,N,N,A,-,N,,,,,,,,,,N,3,0,1,2,A,-,09,21804,A,N,D,G,A,A,H,-,A,A,0,,Y,,,Y,,A,07,0,1,0,0,0,0,1,0,0,- ,- ,,,LOS ANGELES,LOS ANGELES,-118.4334335,34.227020263671875
9637865,2023,2023/11/20,1942,2023/10/9,1730,42943,1317,1,5,7,1942,0,0,0,M,0,24T51,LONG BEACH BL,WASHINGTON BL,87,S,N,A,-,N,,,,,,,,,,N,3,0,1,2,C,-,18,,,N,H,G,A,A,H,-,A,D,0,,Y,,,Y,,-,- ,0,1,0,0,0,0,1,0,0,- ,- ,,,LOS ANGELES,LOS ANGELES,-118.2431793,34.020351409912109
9638058,2023,2023/12/14,1942,2023/10/31,1120,41629,0176,2,5,7,1942,0,0,0,A,0,24TL24,GRAND,5TH ST,65,S,N,A,-,N,,,,,,,,,,N,3,0,1,2,A,-,03,22350,,N,C,-,A,A,H,-,A,D,0,,Y,,,Y,,L,04,0,1,0,0,0,0,1,0,0,- ,- ,,,LOS ANGELES,LOS ANGELES,-118.2901611,33.739513397216797
9638571,2023,2023/11/20,1962,2023/10/16,1845,166,1962,1,5,4,1962,0,0,0,,0,004,ANGELENO AV,SAN GABRIEL BL,5,W,N,A,-,N,,,,,,,,,,N,3,0,1,2,A,-,09,21801,A,N,D,G,A,A,H,-,C,D,0,,Y,,,Y,,A,01,0,1,0,0,0,0,1,0,0,- ,- ,34.096111297607422,-118.0909729,LOS ANGELES,SAN GABRIEL,-118.09095,34.09613037109375
9638839,2023,2023/11/27,1953,2023/10/9,1612,8540,1953,1,5,6,1953,0,0,0,,0,003,ALLEN AV,WASHINGTON BL,0,,Y,B,-,N,,,,,,,,,,N,3,0,1,2,A,-,09,21804,,N,D,G,A,A,H,-,A,A,0,,Y,,,Y,,L,04,0,1,0,0,0,0,1,0,0,- ,- ,,,LOS ANGELES,PASADENA,-118.1130219,34.169139862060547
9638850,2023,2023/11/22,1953,2023/10/18,1714,5202,1953,3,5,6,1953,0,0,0,,0,001,FAIR OAKS AV,GLENARM ST,200,N,N,A,-,N,,,,,,,,,,N,3,0,1,2,A,-,08,22107,,N,H,G,A,A,H,-,A,D,0,,Y,,,Y,,L,04,0,1,0,0,0,0,1,0,0,- ,- ,,,LOS ANGELES,PASADENA,-118.150322,34.128078460693359
9638861,2023,2023/11/27,1942,2023/5/12,1805,44035,0899,5,5,7,1942,0,0,0,H,0,27TL48,HALM AV,VENICE BL,9,N,N,A,-,N,,,,,,,,,,N,3,0,1,2,A,-,12,22450,A,F,D,G,A,A,H,-,A,A,0,,Y,,,Y,,-,99,0,1,0,0,0,0,1,0,0,- ,- ,,,LOS ANGELES,LOS ANGELES,-118.383606,34.032112121582031
9638875,2023,2023/11/27,1942,2023/5/27,2100,41210,0842,6,5,7,1942,0,0,0,H,0,27T31,FEDERAL AV,OHIO AV,0,,Y,A,-,N,,,,,,,,,,N,3,0,2,2,A,-,12,21453,A,N,D,G,A,A,H,-,C,A,0,,Y,,,Y,,L,04,0,1,1,0,0,0,1,0,0,- ,- ,,,LOS ANGELES,LOS ANGELES,-118.4547272,34.045551300048828
9638886,2023,2023/11/22,1970,2023/10/26,1822,223,SPB1,4,5,4,1970,0,0,0,,0,001,PASADENA AV,ARROYO DR,0,,Y,A,-,N,,,,,,,,,,N,2,0,1,2,A,-,09,21804,A,N,B,G,A,A,H,-,B,A,0,,Y,,,Y,,A,07,1,0,0,0,0,0,1,0,0,- ,- ,,,LOS ANGELES,SOUTH PASADENA,-118.1714859,34.112339019775391
9638949,2023,2023/12/22,1942,2023/3/2,0830,39022,0288,4,5,7,1942,0,0,0,B,0,27TL23,WASHINGTON BL,ARAPAHOE ST,0,,Y,A,-,N,,,,,,,,,,N,4,0,1,2,A,-,04,21703,,N,H,G,A,A,H,-,A,D,0,,Y,,,Y,,A,01,0,0,1,0,0,0,1,0,0,- ,- ,,,LOS ANGELES,LOS ANGELES,-118.2852325,34.040050506591797
9639005,2023,2024/1/23,1972,2023/11/3,0825,18059,,5,5,6,1972,0,0,0,,0,,DEL AMO BL,WAYNE,0,,Y,A,-,N,,,,,,,,,,N,3,0,1,2,A,-,09,21804,A,N,D,-,A,A,H,-,A,A,0,,Y,,,Y,,L,04,0,1,0,0,0,0,1,0,0,- ,- ,,,LOS ANGELES,TORRANCE,-118.3731613,33.848587036132812
9639078,2023,2023/11/28,1941,2023/9/24,1605,11803,SOUTH,7,5,7,1941,0,0,0,,0,006,LONG BEACH BL,E BROADWAY,0,,Y,A,-,N,,,,,,,,,,N,3,0,1,2,A,-,12,21453,A,N,D,B,A,A,H,-,A,A,0,,Y,,,Y,,L,04,0,1,0,0,0,0,1,0,0,- ,- ,33.769290924072266,-118.1893921,LOS ANGELES,LONG BEACH,-118.1894836,33.769313812255859
9639232,2023,2023/12/2,1942,2023/10/22,1505,40099,1268,7,5,7,1942,0,0,0,L,0,25MQ54,MAIN ST,85TH PL,7,S,N,A,-,N,,,,,,,,,,N,4,0,1,2,A,-,09,21801,A,F,D,G,A,A,H,-,A,A,0,,Y,,,Y,,-,99,0,0,1,0,0,0,1,0,0,- ,- ,,,LOS ANGELES,LOS ANGELES,-118.27388,33.960792541503906
9639390,2023,2024/1/25,1972,2023/11/6,1525,23032,,1,5,6,1972,0,0,0,,0,,TORRANCE BL,COTA AV,0,,Y,A,-,N,,,,,,,,,,N,4,0,1,2,A,-,12,21453,A,N,D,G,A,A,H,-,A,A,0,,Y,,,Y,,A,,0,0,1,0,0,0,1,0,0,- ,- ,,,LOS ANGELES,TORRANCE,-118.3225784,33.836399078369141
9639644,2023,2024/2/26,1942,2023/10/19,1630,38050,1351,4,5,7,1942,0,0,0,M,0,24TL34,41ST PL,BROADWAY,815,E,N,A,-,N,,,,,,,,,,N,3,0,1,2,A,-,05,21650,,N,A,G,A,A,H,-,A,D,0,,Y,,,Y,,L,04,0,1,0,0,0,0,1,0,0,- ,- ,,,LOS ANGELES,LOS ANGELES,-118.2756958,34.008213043212891
9639676,2023,2023/11/16,1942,2023/9/29,0630,38502,0461,5,5,7,1942,0,0,0,D,0,24TL27,CERES AV,8TH ST,115,N,N,B,-,N,,,,,,,,,,N,2,0,1,2,A,-,05,21650,,N,A,G,A,A,H,-,A,D,0,,Y,,,Y,,L,04,1,0,0,0,0,0,1,0,0,- ,- ,,,LOS ANGELES,LOS ANGELES,-118.2455978,34.035541534423828
9639699,2023,2023/11/20,1905,2023/9/18,1927,1161,436,1,5,4,1905,0,0,0,,0,001,W ARROW HWY,BURWOOD AV,141,E,N,A,-,N,,,,,,,,,,Y,3,0,1,2,A,-,05,21650,1,N,D,G,A,A,H,-,C,A,0,,Y,,,Y,,L,04,0,1,0,0,0,0,1,0,0,- ,- ,34.106979370117188,-117.9247971,LOS ANGELES,AZUSA,-117.9216843,34.106983184814453
9639707,2023,2023/11/20,1953,2023/10/11,1750,2037,PASAD,3,5,6,1953,0,0,0,,0,003,E WALNUT ST,N ALLEN AV,0,,Y,A,-,N,,,,,,,,,,N,3,0,1,2,A,-,08,22107,,N,D,G,A,A,H,-,A,A,0,,Y,,,Y,,A,07,0,1,0,0,0,0,1,0,0,- ,- ,,,LOS ANGELES,PASADENA,-118.1131821,34.149562835693359
9639911,2023,2023/11/21,1953,2023/7/11,1615,2799,1953,2,5,6,1953,0,0,0,,0,005,MADISON AV,COLORADO BL,100,S,N,A,-,N,,,,,,,,,,N,4,0,1,2,A,-,09,21804,A,F,D,G,A,A,G,-,A,D,0,,Y,,,Y,,A,01,0,0,1,0,0,0,1,0,0,- ,- ,,,LOS ANGELES,PASADENA,-118.1383667,34.145851135253906
9639925,2023,2023/11/27,1900,2023/10/11,1740,551881,1415,3,5,1,1932,0,0,0,,0,141T5,GALE AV,AZUSA AV,0,W,N,A,-,N,,,,,,,,,,N,3,0,1,1,A,-,21,22106,,N,F,I,A,A,H,-,A,A,0,,Y,,,Y,,M,91,0,1,0,0,0,0,1,0,0,- ,- ,34.000030517578125,-117.9310989,LOS ANGELES,INDUSTRY,-117.9308624,34.000171661376953
9639927,2023,2023/11/27,1942,2023/10/18,1040,34959,0739,3,5,7,1942,0,0,0,G,0,27TL29,6TH ST,MUIRFIELD RD,142,W,N,A,-,N,,,,,,,,,,N,3,0,1,2,A,-,05,21650,,F,H,G,A,A,H,-,A,D,0,,Y,,,Y,,L,04,0,1,0,0,0,0,1,0,0,- ,- ,,,LOS ANGELES,LOS ANGELES,-118.3305206,34.063968658447266
9640013,2023,2023/12/5,1920,2023/7/14,0018,13833,,5,5,6,1920,0,0,0,,0,003,FIRESTONE BL,RYERSON AV,0,,Y,A,-,N,,,,,,,,,,Y,1,1,0,2,A,-,12,21453,A,N,D,G,A,A,H,-,C,A,0,,Y,,,Y,,L,04,0,0,0,0,0,1,0,0,0,- ,- ,,,LOS ANGELES,DOWNEY,-118.1544876,33.947704315185547
9640037,2023,2023/12/6,1942,2023/10/4,2230,40957,0392,3,5,7,1942,0,0,0,C,0,2230,VERNON AV,6TH AV,111,W,N,A,-,N,,,,,,,,,,N,1,1,0,2,A,-,03,22350,,F,C,G,A,A,H,-,E,A,0,,Y,,,Y,,-,99,0,0,0,0,0,1,0,0,0,- ,- ,,,LOS ANGELES,LOS ANGELES,-118.4703064,33.9967041015625
9640040,2023,2023/11/28,1942,2023/10/16,2145,41747,0361,1,5,7,1942,0,0,0,C,0,25T33,LA BREA AV,OBAMA BL,57,S,N,A,-,N,,,,,,,,,,N,1,1,0,1,B,-,22,,,N,H,J,A,A,H,-,C,D,0,,Y,,,Y,,L,04,0,0,0,0,0,1,0,0,0,- ,- ,,,LOS ANGELES,LOS ANGELES,-118.3556061,34.021373748779297
9640346,2023,2024/4/2,1942,2023/10/29,2025,43371,1494,7,5,7,1942,0,0,0,N,0,27T33,IMPERIAL HWY,CALIFORNIA ST,314,W,N,A,-,N,,,,,,,,,,Y,1,1,0,2,A,-,05,21202,A,N,D,G,A,A,H,-,C,A,0,,Y,,,Y,Y,L,04,0,0,0,0,0,1,0,0,0,- ,- ,,,LOS ANGELES,LOS ANGELES,-118.4050064,33.931308746337891
9641278,2023,2023/11/27,1900,2023/11/11,1200,628021,0816,6,5,4,1960,0,0,0,,0,81T2,DANECROFT AV,BENWOOD ST,19,S,N,A,-,N,,,,,,,,,,N,3,0,1,2,A,-,08,22107,,N,C,E,A,A,H,-,A,D,0,,Y,,,Y,,L,04,0,1,0,0,0,0,1,0,0,- ,- ,34.097118377685547,-117.8262482,LOS ANGELES,SAN DIMAS,-117.8263016,34.097206115722656
9641435,2023,2023/12/5,1900,2023/10/17,1700,525033,0244,2,5,3,1914,0,0,0,,0,27T,WASHINGTON BL,COMMERCE WY,0,,Y,A,-,N,,,,,,,,,,N,3,0,1,2,A,-,09,21801,A,N,H,G,A,A,H,-,A,A,0,,Y,,,Y,,A,07,0,1,0,0,0,0,1,0,0,- ,- ,33.998908996582031,-118.1561813,LOS ANGELES,COMMERCE,-118.1560059,33.999038696289062
9641460,2023,2024/1/20,1951,2023/11/19,1150,764,706,7,5,3,1951,0,0,0,,0,002,PALOS VERDES DR W,VIA ROSA,44,W,N,A,-,N,,,,,,,,,,N,3,0,1,2,A,-,05,21651,A,N,B,G,A,A,H,-,A,D,0,,Y,,,Y,,L,04,0,1,0,0,0,0,1,0,0,- ,- ,,,LOS ANGELES,PALOS VERDES EST,-118.3906097,33.803676605224609
9641841,2023,2024/8/30,1929,2023/11/19,1730,246,1929,7,5,3,1929,0,0,0,,0,001,MANHATTAN AV,PIER AV,115,S,N,A,-,N,,,,,,,,,,N,3,0,2,2,A,-,07,21658,A,N,C,E,A,A,H,-,C,D,0,,Y,,,Y,,M,91,0,1,1,0,0,0,1,0,0,- ,- ,33.862880706787109,-118.3991776,LOS ANGELES,HERMOSA BEACH,-118.3991089,33.862434387207031